timestamp,container,cpu_perc,mem_usage,mem_perc,pids,mem_total_gb,mem_available_gb,mem_available_pct,swap_total_gb,swap_free_gb,swap_used_pct,psi_some_avg10,psi_some_avg60,psi_full_avg10,psi_full_avg60
2026-05-04T05:11:56.405512+00:00,llama-swap,0.02%,30.78MiB / 119.7GiB,0.03%,26,119.694,82.732,69.12,16.0,15.974,0.16,0.00,0.00,0.00,0.00
2026-05-04T05:11:56.405544+00:00,librechat,0.01%,261.2MiB / 119.7GiB,0.21%,29,119.694,82.732,69.12,16.0,15.974,0.16,0.00,0.00,0.00,0.00
2026-05-04T05:11:56.405550+00:00,litellm,0.14%,545.2MiB / 119.7GiB,0.44%,5,119.694,82.732,69.12,16.0,15.974,0.16,0.00,0.00,0.00,0.00
2026-05-04T05:11:56.405555+00:00,librechat-mongodb,0.38%,64.54MiB / 119.7GiB,0.05%,50,119.694,82.732,69.12,16.0,15.974,0.16,0.00,0.00,0.00,0.00
2026-05-04T05:11:56.405560+00:00,ls-unsloth-qwen3-coder-30b-a3b-q4-64k,8.70%,2.54GiB / 119.7GiB,2.12%,25,119.694,82.732,69.12,16.0,15.974,0.16,0.00,0.00,0.00,0.00
2026-05-04T05:12:00.437830+00:00,ls-unsloth-qwen3-coder-30b-a3b-q4-64k,100.82%,9.39GiB / 119.7GiB,7.84%,25,119.694,82.49,68.92,16.0,15.974,0.16,0.00,0.00,0.00,0.00
2026-05-04T05:12:00.437857+00:00,llama-swap,2.06%,31.2MiB / 119.7GiB,0.03%,26,119.694,82.49,68.92,16.0,15.974,0.16,0.00,0.00,0.00,0.00
2026-05-04T05:12:00.437863+00:00,librechat,0.01%,261.2MiB / 119.7GiB,0.21%,29,119.694,82.49,68.92,16.0,15.974,0.16,0.00,0.00,0.00,0.00
2026-05-04T05:12:00.437867+00:00,litellm,0.16%,545.2MiB / 119.7GiB,0.44%,5,119.694,82.49,68.92,16.0,15.974,0.16,0.00,0.00,0.00,0.00
2026-05-04T05:12:00.437872+00:00,librechat-mongodb,0.48%,64.85MiB / 119.7GiB,0.05%,50,119.694,82.49,68.92,16.0,15.974,0.16,0.00,0.00,0.00,0.00
2026-05-04T05:12:04.466078+00:00,ls-unsloth-qwen3-coder-30b-a3b-q4-64k,100.35%,9.494GiB / 119.7GiB,7.93%,25,119.694,81.868,68.4,16.0,15.974,0.16,0.00,0.00,0.00,0.00
2026-05-04T05:12:04.466104+00:00,llama-swap,0.00%,30.8MiB / 119.7GiB,0.03%,26,119.694,81.868,68.4,16.0,15.974,0.16,0.00,0.00,0.00,0.00
2026-05-04T05:12:04.466110+00:00,librechat,0.04%,261.2MiB / 119.7GiB,0.21%,29,119.694,81.868,68.4,16.0,15.974,0.16,0.00,0.00,0.00,0.00
2026-05-04T05:12:04.466115+00:00,litellm,0.13%,545.2MiB / 119.7GiB,0.44%,5,119.694,81.868,68.4,16.0,15.974,0.16,0.00,0.00,0.00,0.00
2026-05-04T05:12:04.466120+00:00,librechat-mongodb,0.43%,64.82MiB / 119.7GiB,0.05%,50,119.694,81.868,68.4,16.0,15.974,0.16,0.00,0.00,0.00,0.00
2026-05-04T05:12:08.497975+00:00,ls-unsloth-qwen3-coder-30b-a3b-q4-64k,100.18%,9.494GiB / 119.7GiB,7.93%,25,119.694,81.817,68.36,16.0,15.974,0.16,0.00,0.00,0.00,0.00
2026-05-04T05:12:08.498001+00:00,llama-swap,0.00%,31.05MiB / 119.7GiB,0.03%,26,119.694,81.817,68.36,16.0,15.974,0.16,0.00,0.00,0.00,0.00
2026-05-04T05:12:08.498007+00:00,librechat,0.06%,261.2MiB / 119.7GiB,0.21%,29,119.694,81.817,68.36,16.0,15.974,0.16,0.00,0.00,0.00,0.00
2026-05-04T05:12:08.498012+00:00,litellm,0.16%,545.2MiB / 119.7GiB,0.44%,5,119.694,81.817,68.36,16.0,15.974,0.16,0.00,0.00,0.00,0.00
2026-05-04T05:12:08.498016+00:00,librechat-mongodb,0.43%,64.8MiB / 119.7GiB,0.05%,50,119.694,81.817,68.36,16.0,15.974,0.16,0.00,0.00,0.00,0.00
2026-05-04T05:12:12.541022+00:00,ls-unsloth-qwen3-coder-30b-a3b-q4-64k,100.27%,9.495GiB / 119.7GiB,7.93%,25,119.694,81.818,68.36,16.0,15.974,0.16,0.00,0.00,0.00,0.00
2026-05-04T05:12:12.541058+00:00,llama-swap,0.00%,31.09MiB / 119.7GiB,0.03%,26,119.694,81.818,68.36,16.0,15.974,0.16,0.00,0.00,0.00,0.00
2026-05-04T05:12:12.541070+00:00,librechat,0.01%,261.2MiB / 119.7GiB,0.21%,29,119.694,81.818,68.36,16.0,15.974,0.16,0.00,0.00,0.00,0.00
2026-05-04T05:12:12.541079+00:00,litellm,0.16%,545.2MiB / 119.7GiB,0.44%,5,119.694,81.818,68.36,16.0,15.974,0.16,0.00,0.00,0.00,0.00
2026-05-04T05:12:12.541088+00:00,librechat-mongodb,0.44%,64.8MiB / 119.7GiB,0.05%,50,119.694,81.818,68.36,16.0,15.974,0.16,0.00,0.00,0.00,0.00
2026-05-04T05:12:16.569992+00:00,ls-unsloth-qwen3-coder-30b-a3b-q4-64k,100.28%,9.516GiB / 119.7GiB,7.95%,25,119.694,81.819,68.36,16.0,15.974,0.16,0.00,0.00,0.00,0.00
2026-05-04T05:12:16.570018+00:00,llama-swap,0.00%,31.36MiB / 119.7GiB,0.03%,26,119.694,81.819,68.36,16.0,15.974,0.16,0.00,0.00,0.00,0.00
2026-05-04T05:12:16.570024+00:00,librechat,0.01%,261.5MiB / 119.7GiB,0.21%,29,119.694,81.819,68.36,16.0,15.974,0.16,0.00,0.00,0.00,0.00
2026-05-04T05:12:16.570029+00:00,litellm,0.16%,545.2MiB / 119.7GiB,0.44%,5,119.694,81.819,68.36,16.0,15.974,0.16,0.00,0.00,0.00,0.00
2026-05-04T05:12:16.570034+00:00,librechat-mongodb,0.45%,64.76MiB / 119.7GiB,0.05%,50,119.694,81.819,68.36,16.0,15.974,0.16,0.00,0.00,0.00,0.00
2026-05-04T05:12:20.611810+00:00,ls-unsloth-qwen3-coder-30b-a3b-q4-64k,95.66%,9.564GiB / 119.7GiB,7.99%,25,119.694,81.766,68.31,16.0,15.974,0.16,0.00,0.00,0.00,0.00
2026-05-04T05:12:20.611838+00:00,llama-swap,0.00%,31.36MiB / 119.7GiB,0.03%,26,119.694,81.766,68.31,16.0,15.974,0.16,0.00,0.00,0.00,0.00
2026-05-04T05:12:20.611845+00:00,librechat,0.01%,261.5MiB / 119.7GiB,0.21%,29,119.694,81.766,68.31,16.0,15.974,0.16,0.00,0.00,0.00,0.00
2026-05-04T05:12:20.611849+00:00,litellm,0.18%,545.2MiB / 119.7GiB,0.44%,5,119.694,81.766,68.31,16.0,15.974,0.16,0.00,0.00,0.00,0.00
2026-05-04T05:12:20.611854+00:00,librechat-mongodb,0.50%,64.51MiB / 119.7GiB,0.05%,50,119.694,81.766,68.31,16.0,15.974,0.16,0.00,0.00,0.00,0.00
2026-05-04T05:12:24.641946+00:00,ls-unsloth-qwen3-coder-30b-a3b-q4-64k,100.28%,9.565GiB / 119.7GiB,7.99%,25,119.694,81.76,68.31,16.0,15.974,0.16,0.00,0.00,0.00,0.00
2026-05-04T05:12:24.641982+00:00,llama-swap,0.05%,31.19MiB / 119.7GiB,0.03%,26,119.694,81.76,68.31,16.0,15.974,0.16,0.00,0.00,0.00,0.00
2026-05-04T05:12:24.641994+00:00,librechat,0.05%,261.5MiB / 119.7GiB,0.21%,29,119.694,81.76,68.31,16.0,15.974,0.16,0.00,0.00,0.00,0.00
2026-05-04T05:12:24.642003+00:00,litellm,0.14%,545.2MiB / 119.7GiB,0.44%,5,119.694,81.76,68.31,16.0,15.974,0.16,0.00,0.00,0.00,0.00
2026-05-04T05:12:24.642012+00:00,librechat-mongodb,0.47%,64.48MiB / 119.7GiB,0.05%,50,119.694,81.76,68.31,16.0,15.974,0.16,0.00,0.00,0.00,0.00
2026-05-04T05:12:28.672575+00:00,ls-unsloth-qwen3-coder-30b-a3b-q4-64k,100.30%,9.58GiB / 119.7GiB,8.00%,25,119.694,81.733,68.28,16.0,15.974,0.16,0.00,0.00,0.00,0.00
2026-05-04T05:12:28.672604+00:00,llama-swap,0.02%,31.03MiB / 119.7GiB,0.03%,26,119.694,81.733,68.28,16.0,15.974,0.16,0.00,0.00,0.00,0.00
2026-05-04T05:12:28.672611+00:00,librechat,0.06%,261.5MiB / 119.7GiB,0.21%,29,119.694,81.733,68.28,16.0,15.974,0.16,0.00,0.00,0.00,0.00
2026-05-04T05:12:28.672616+00:00,litellm,0.16%,545.2MiB / 119.7GiB,0.44%,5,119.694,81.733,68.28,16.0,15.974,0.16,0.00,0.00,0.00,0.00
2026-05-04T05:12:28.672620+00:00,librechat-mongodb,0.46%,64.46MiB / 119.7GiB,0.05%,50,119.694,81.733,68.28,16.0,15.974,0.16,0.00,0.00,0.00,0.00
2026-05-04T05:12:32.703378+00:00,ls-unsloth-qwen3-coder-30b-a3b-q4-64k,100.35%,9.581GiB / 119.7GiB,8.00%,25,119.694,81.744,68.29,16.0,15.974,0.16,0.00,0.00,0.00,0.00
2026-05-04T05:12:32.703405+00:00,llama-swap,0.03%,31.03MiB / 119.7GiB,0.03%,26,119.694,81.744,68.29,16.0,15.974,0.16,0.00,0.00,0.00,0.00
2026-05-04T05:12:32.703411+00:00,librechat,0.01%,261.5MiB / 119.7GiB,0.21%,29,119.694,81.744,68.29,16.0,15.974,0.16,0.00,0.00,0.00,0.00
2026-05-04T05:12:32.703415+00:00,litellm,0.15%,545.2MiB / 119.7GiB,0.44%,5,119.694,81.744,68.29,16.0,15.974,0.16,0.00,0.00,0.00,0.00
2026-05-04T05:12:32.703420+00:00,librechat-mongodb,0.72%,64.93MiB / 119.7GiB,0.05%,50,119.694,81.744,68.29,16.0,15.974,0.16,0.00,0.00,0.00,0.00
2026-05-04T05:12:36.733041+00:00,ls-unsloth-qwen3-coder-30b-a3b-q4-64k,99.44%,9.582GiB / 119.7GiB,8.01%,25,119.694,81.759,68.31,16.0,15.974,0.16,0.00,0.00,0.00,0.00
2026-05-04T05:12:36.733069+00:00,llama-swap,0.03%,31.28MiB / 119.7GiB,0.03%,26,119.694,81.759,68.31,16.0,15.974,0.16,0.00,0.00,0.00,0.00
2026-05-04T05:12:36.733075+00:00,librechat,0.02%,261.5MiB / 119.7GiB,0.21%,29,119.694,81.759,68.31,16.0,15.974,0.16,0.00,0.00,0.00,0.00
2026-05-04T05:12:36.733080+00:00,litellm,0.15%,545.2MiB / 119.7GiB,0.44%,5,119.694,81.759,68.31,16.0,15.974,0.16,0.00,0.00,0.00,0.00
2026-05-04T05:12:36.733084+00:00,librechat-mongodb,0.46%,64.91MiB / 119.7GiB,0.05%,50,119.694,81.759,68.31,16.0,15.974,0.16,0.00,0.00,0.00,0.00
2026-05-04T05:12:40.762902+00:00,ls-unsloth-qwen3-coder-30b-a3b-q4-64k,100.35%,9.583GiB / 119.7GiB,8.01%,25,119.694,81.771,68.32,16.0,15.974,0.16,0.00,0.00,0.00,0.00
2026-05-04T05:12:40.762928+00:00,llama-swap,0.02%,31.04MiB / 119.7GiB,0.03%,26,119.694,81.771,68.32,16.0,15.974,0.16,0.00,0.00,0.00,0.00
2026-05-04T05:12:40.762935+00:00,librechat,0.01%,261.5MiB / 119.7GiB,0.21%,29,119.694,81.771,68.32,16.0,15.974,0.16,0.00,0.00,0.00,0.00
2026-05-04T05:12:40.762940+00:00,litellm,0.15%,545.2MiB / 119.7GiB,0.44%,5,119.694,81.771,68.32,16.0,15.974,0.16,0.00,0.00,0.00,0.00
2026-05-04T05:12:40.762944+00:00,librechat-mongodb,0.49%,64.91MiB / 119.7GiB,0.05%,50,119.694,81.771,68.32,16.0,15.974,0.16,0.00,0.00,0.00,0.00
2026-05-04T05:12:44.806233+00:00,ls-unsloth-qwen3-coder-30b-a3b-q4-64k,100.35%,9.593GiB / 119.7GiB,8.01%,25,119.694,81.766,68.31,16.0,15.974,0.16,0.00,0.00,0.00,0.00
2026-05-04T05:12:44.806271+00:00,llama-swap,0.06%,35.84MiB / 119.7GiB,0.03%,26,119.694,81.766,68.31,16.0,15.974,0.16,0.00,0.00,0.00,0.00
2026-05-04T05:12:44.806277+00:00,librechat,0.04%,261.5MiB / 119.7GiB,0.21%,29,119.694,81.766,68.31,16.0,15.974,0.16,0.00,0.00,0.00,0.00
2026-05-04T05:12:44.806282+00:00,litellm,0.19%,545.2MiB / 119.7GiB,0.44%,5,119.694,81.766,68.31,16.0,15.974,0.16,0.00,0.00,0.00,0.00
2026-05-04T05:12:44.806287+00:00,librechat-mongodb,0.70%,64.87MiB / 119.7GiB,0.05%,50,119.694,81.766,68.31,16.0,15.974,0.16,0.00,0.00,0.00,0.00
2026-05-04T05:12:48.858945+00:00,ls-unsloth-qwen3-coder-30b-a3b-q4-64k,100.43%,9.592GiB / 119.7GiB,8.01%,25,119.694,81.773,68.32,16.0,15.974,0.16,0.00,0.00,0.00,0.00
2026-05-04T05:12:48.858988+00:00,llama-swap,0.06%,35.62MiB / 119.7GiB,0.03%,26,119.694,81.773,68.32,16.0,15.974,0.16,0.00,0.00,0.00,0.00
2026-05-04T05:12:48.858995+00:00,librechat,0.11%,261.4MiB / 119.7GiB,0.21%,29,119.694,81.773,68.32,16.0,15.974,0.16,0.00,0.00,0.00,0.00
2026-05-04T05:12:48.858999+00:00,litellm,0.19%,545.2MiB / 119.7GiB,0.44%,5,119.694,81.773,68.32,16.0,15.974,0.16,0.00,0.00,0.00,0.00
2026-05-04T05:12:48.859004+00:00,librechat-mongodb,0.59%,64.85MiB / 119.7GiB,0.05%,50,119.694,81.773,68.32,16.0,15.974,0.16,0.00,0.00,0.00,0.00
2026-05-04T05:12:52.900749+00:00,ls-unsloth-qwen3-coder-30b-a3b-q4-64k,100.44%,9.592GiB / 119.7GiB,8.01%,25,119.694,81.776,68.32,16.0,15.974,0.16,0.00,0.00,0.00,0.00
2026-05-04T05:12:52.900803+00:00,llama-swap,0.03%,35.62MiB / 119.7GiB,0.03%,26,119.694,81.776,68.32,16.0,15.974,0.16,0.00,0.00,0.00,0.00
2026-05-04T05:12:52.900813+00:00,librechat,0.01%,261.4MiB / 119.7GiB,0.21%,29,119.694,81.776,68.32,16.0,15.974,0.16,0.00,0.00,0.00,0.00
2026-05-04T05:12:52.900819+00:00,litellm,0.21%,545.2MiB / 119.7GiB,0.44%,5,119.694,81.776,68.32,16.0,15.974,0.16,0.00,0.00,0.00,0.00
2026-05-04T05:12:52.900824+00:00,librechat-mongodb,0.91%,65.06MiB / 119.7GiB,0.05%,50,119.694,81.776,68.32,16.0,15.974,0.16,0.00,0.00,0.00,0.00
2026-05-04T05:12:56.944273+00:00,ls-unsloth-qwen3-coder-30b-a3b-q4-64k,100.41%,9.593GiB / 119.7GiB,8.01%,25,119.694,81.765,68.31,16.0,15.974,0.16,0.00,0.00,0.00,0.00
2026-05-04T05:12:56.944314+00:00,llama-swap,0.05%,35.46MiB / 119.7GiB,0.03%,26,119.694,81.765,68.31,16.0,15.974,0.16,0.00,0.00,0.00,0.00
2026-05-04T05:12:56.944321+00:00,librechat,0.01%,261.7MiB / 119.7GiB,0.21%,29,119.694,81.765,68.31,16.0,15.974,0.16,0.00,0.00,0.00,0.00
2026-05-04T05:12:56.944326+00:00,litellm,0.17%,545.2MiB / 119.7GiB,0.44%,5,119.694,81.765,68.31,16.0,15.974,0.16,0.00,0.00,0.00,0.00
2026-05-04T05:12:56.944330+00:00,librechat-mongodb,0.66%,64.81MiB / 119.7GiB,0.05%,50,119.694,81.765,68.31,16.0,15.974,0.16,0.00,0.00,0.00,0.00
2026-05-04T05:13:00.987861+00:00,ls-unsloth-qwen3-coder-30b-a3b-q4-64k,100.47%,9.593GiB / 119.7GiB,8.01%,25,119.694,81.761,68.31,16.0,15.974,0.16,0.00,0.00,0.00,0.00
2026-05-04T05:13:00.987911+00:00,llama-swap,0.08%,35.46MiB / 119.7GiB,0.03%,26,119.694,81.761,68.31,16.0,15.974,0.16,0.00,0.00,0.00,0.00
2026-05-04T05:13:00.987923+00:00,librechat,0.01%,261.7MiB / 119.7GiB,0.21%,29,119.694,81.761,68.31,16.0,15.974,0.16,0.00,0.00,0.00,0.00
2026-05-04T05:13:00.987932+00:00,litellm,0.19%,545.2MiB / 119.7GiB,0.44%,5,119.694,81.761,68.31,16.0,15.974,0.16,0.00,0.00,0.00,0.00
2026-05-04T05:13:00.987941+00:00,librechat-mongodb,0.60%,64.8MiB / 119.7GiB,0.05%,50,119.694,81.761,68.31,16.0,15.974,0.16,0.00,0.00,0.00,0.00
2026-05-04T05:13:05.029584+00:00,ls-unsloth-qwen3-coder-30b-a3b-q4-64k,100.48%,9.593GiB / 119.7GiB,8.01%,25,119.694,81.76,68.31,16.0,15.974,0.16,0.00,0.00,0.00,0.00
2026-05-04T05:13:05.029626+00:00,llama-swap,0.07%,35.46MiB / 119.7GiB,0.03%,26,119.694,81.76,68.31,16.0,15.974,0.16,0.00,0.00,0.00,0.00
2026-05-04T05:13:05.029633+00:00,librechat,0.01%,261.7MiB / 119.7GiB,0.21%,29,119.694,81.76,68.31,16.0,15.974,0.16,0.00,0.00,0.00,0.00
2026-05-04T05:13:05.029637+00:00,litellm,0.19%,545.2MiB / 119.7GiB,0.44%,5,119.694,81.76,68.31,16.0,15.974,0.16,0.00,0.00,0.00,0.00
2026-05-04T05:13:05.029643+00:00,librechat-mongodb,0.65%,65.01MiB / 119.7GiB,0.05%,50,119.694,81.76,68.31,16.0,15.974,0.16,0.00,0.00,0.00,0.00
2026-05-04T05:13:09.069934+00:00,ls-unsloth-qwen3-coder-30b-a3b-q4-64k,100.35%,9.593GiB / 119.7GiB,8.01%,25,119.694,81.758,68.31,16.0,15.974,0.16,0.00,0.00,0.00,0.00
2026-05-04T05:13:09.069975+00:00,llama-swap,0.03%,35.46MiB / 119.7GiB,0.03%,26,119.694,81.758,68.31,16.0,15.974,0.16,0.00,0.00,0.00,0.00
2026-05-04T05:13:09.069983+00:00,librechat,0.10%,261.7MiB / 119.7GiB,0.21%,29,119.694,81.758,68.31,16.0,15.974,0.16,0.00,0.00,0.00,0.00
2026-05-04T05:13:09.069987+00:00,litellm,0.23%,545.2MiB / 119.7GiB,0.44%,5,119.694,81.758,68.31,16.0,15.974,0.16,0.00,0.00,0.00,0.00
2026-05-04T05:13:09.069992+00:00,librechat-mongodb,0.57%,65.25MiB / 119.7GiB,0.05%,50,119.694,81.758,68.31,16.0,15.974,0.16,0.00,0.00,0.00,0.00
2026-05-04T05:13:13.110863+00:00,ls-unsloth-qwen3-coder-30b-a3b-q4-64k,100.37%,9.593GiB / 119.7GiB,8.01%,25,119.694,81.76,68.31,16.0,15.974,0.16,0.00,0.00,0.00,0.00
2026-05-04T05:13:13.110917+00:00,llama-swap,0.02%,35.46MiB / 119.7GiB,0.03%,26,119.694,81.76,68.31,16.0,15.974,0.16,0.00,0.00,0.00,0.00
2026-05-04T05:13:13.110928+00:00,librechat,0.01%,261.7MiB / 119.7GiB,0.21%,29,119.694,81.76,68.31,16.0,15.974,0.16,0.00,0.00,0.00,0.00
2026-05-04T05:13:13.110937+00:00,litellm,0.21%,545.2MiB / 119.7GiB,0.44%,5,119.694,81.76,68.31,16.0,15.974,0.16,0.00,0.00,0.00,0.00
2026-05-04T05:13:13.110946+00:00,librechat-mongodb,0.85%,65.21MiB / 119.7GiB,0.05%,50,119.694,81.76,68.31,16.0,15.974,0.16,0.00,0.00,0.00,0.00
2026-05-04T05:13:17.154103+00:00,ls-unsloth-qwen3-coder-30b-a3b-q4-64k,100.50%,9.593GiB / 119.7GiB,8.01%,25,119.694,81.76,68.31,16.0,15.974,0.16,0.00,0.00,0.00,0.00
2026-05-04T05:13:17.154164+00:00,llama-swap,0.05%,35.46MiB / 119.7GiB,0.03%,26,119.694,81.76,68.31,16.0,15.974,0.16,0.00,0.00,0.00,0.00
2026-05-04T05:13:17.154173+00:00,librechat,0.01%,261.1MiB / 119.7GiB,0.21%,29,119.694,81.76,68.31,16.0,15.974,0.16,0.00,0.00,0.00,0.00
2026-05-04T05:13:17.154180+00:00,litellm,0.22%,545.2MiB / 119.7GiB,0.44%,5,119.694,81.76,68.31,16.0,15.974,0.16,0.00,0.00,0.00,0.00
2026-05-04T05:13:17.154185+00:00,librechat-mongodb,0.52%,65.21MiB / 119.7GiB,0.05%,50,119.694,81.76,68.31,16.0,15.974,0.16,0.00,0.00,0.00,0.00
2026-05-04T05:13:21.197689+00:00,ls-unsloth-qwen3-coder-30b-a3b-q4-64k,100.42%,9.592GiB / 119.7GiB,8.01%,25,119.694,81.764,68.31,16.0,15.974,0.16,0.00,0.00,0.00,0.00
2026-05-04T05:13:21.197730+00:00,llama-swap,0.08%,35.46MiB / 119.7GiB,0.03%,26,119.694,81.764,68.31,16.0,15.974,0.16,0.00,0.00,0.00,0.00
2026-05-04T05:13:21.197736+00:00,librechat,0.01%,261.1MiB / 119.7GiB,0.21%,29,119.694,81.764,68.31,16.0,15.974,0.16,0.00,0.00,0.00,0.00
2026-05-04T05:13:21.197741+00:00,litellm,0.20%,545.2MiB / 119.7GiB,0.44%,5,119.694,81.764,68.31,16.0,15.974,0.16,0.00,0.00,0.00,0.00
2026-05-04T05:13:21.197746+00:00,librechat-mongodb,0.55%,65.44MiB / 119.7GiB,0.05%,50,119.694,81.764,68.31,16.0,15.974,0.16,0.00,0.00,0.00,0.00
2026-05-04T05:13:25.232131+00:00,ls-unsloth-qwen3-coder-30b-a3b-q4-64k,102.01%,9.592GiB / 119.7GiB,8.01%,25,119.694,81.764,68.31,16.0,15.974,0.16,0.00,0.00,0.00,0.00
2026-05-04T05:13:25.232171+00:00,llama-swap,0.06%,35.71MiB / 119.7GiB,0.03%,26,119.694,81.764,68.31,16.0,15.974,0.16,0.00,0.00,0.00,0.00
2026-05-04T05:13:25.232182+00:00,librechat,0.01%,261.1MiB / 119.7GiB,0.21%,29,119.694,81.764,68.31,16.0,15.974,0.16,0.00,0.00,0.00,0.00
2026-05-04T05:13:25.232192+00:00,litellm,0.16%,545.2MiB / 119.7GiB,0.44%,5,119.694,81.764,68.31,16.0,15.974,0.16,0.00,0.00,0.00,0.00
2026-05-04T05:13:25.232201+00:00,librechat-mongodb,0.50%,65.41MiB / 119.7GiB,0.05%,50,119.694,81.764,68.31,16.0,15.974,0.16,0.00,0.00,0.00,0.00
2026-05-04T05:13:29.266270+00:00,ls-unsloth-qwen3-coder-30b-a3b-q4-64k,100.23%,9.592GiB / 119.7GiB,8.01%,25,119.694,81.755,68.3,16.0,15.974,0.16,0.00,0.00,0.00,0.00
2026-05-04T05:13:29.266302+00:00,llama-swap,0.02%,35.26MiB / 119.7GiB,0.03%,26,119.694,81.755,68.3,16.0,15.974,0.16,0.00,0.00,0.00,0.00
2026-05-04T05:13:29.266308+00:00,librechat,0.09%,261.4MiB / 119.7GiB,0.21%,29,119.694,81.755,68.3,16.0,15.974,0.16,0.00,0.00,0.00,0.00
2026-05-04T05:13:29.266313+00:00,litellm,0.14%,545.2MiB / 119.7GiB,0.44%,5,119.694,81.755,68.3,16.0,15.974,0.16,0.00,0.00,0.00,0.00
2026-05-04T05:13:29.266317+00:00,librechat-mongodb,0.50%,65.4MiB / 119.7GiB,0.05%,50,119.694,81.755,68.3,16.0,15.974,0.16,0.00,0.00,0.00,0.00
2026-05-04T05:13:33.301748+00:00,ls-unsloth-qwen3-coder-30b-a3b-q4-64k,100.33%,9.592GiB / 119.7GiB,8.01%,25,119.694,81.755,68.3,16.0,15.974,0.16,0.00,0.00,0.00,0.00
2026-05-04T05:13:33.301782+00:00,llama-swap,0.03%,35.26MiB / 119.7GiB,0.03%,26,119.694,81.755,68.3,16.0,15.974,0.16,0.00,0.00,0.00,0.00
2026-05-04T05:13:33.301788+00:00,librechat,0.01%,261.4MiB / 119.7GiB,0.21%,29,119.694,81.755,68.3,16.0,15.974,0.16,0.00,0.00,0.00,0.00
2026-05-04T05:13:33.301793+00:00,litellm,0.14%,545.2MiB / 119.7GiB,0.44%,5,119.694,81.755,68.3,16.0,15.974,0.16,0.00,0.00,0.00,0.00
2026-05-04T05:13:33.301798+00:00,librechat-mongodb,0.79%,65.37MiB / 119.7GiB,0.05%,50,119.694,81.755,68.3,16.0,15.974,0.16,0.00,0.00,0.00,0.00
2026-05-04T05:13:37.345158+00:00,ls-unsloth-qwen3-coder-30b-a3b-q4-64k,100.48%,12.39GiB / 119.7GiB,10.35%,25,119.694,79.685,66.57,16.0,15.973,0.17,0.00,0.00,0.00,0.00
2026-05-04T05:13:37.345187+00:00,llama-swap,0.06%,41.23MiB / 119.7GiB,0.03%,26,119.694,79.685,66.57,16.0,15.973,0.17,0.00,0.00,0.00,0.00
2026-05-04T05:13:37.345194+00:00,librechat,0.02%,261MiB / 119.7GiB,0.21%,29,119.694,79.685,66.57,16.0,15.973,0.17,0.00,0.00,0.00,0.00
2026-05-04T05:13:37.345199+00:00,litellm,0.20%,546.3MiB / 119.7GiB,0.45%,5,119.694,79.685,66.57,16.0,15.973,0.17,0.00,0.00,0.00,0.00
2026-05-04T05:13:37.345203+00:00,librechat-mongodb,0.62%,64.91MiB / 119.7GiB,0.05%,50,119.694,79.685,66.57,16.0,15.973,0.17,0.00,0.00,0.00,0.00
2026-05-04T05:13:41.388656+00:00,ls-unsloth-qwen3-coder-30b-a3b-q4-64k,100.35%,12.39GiB / 119.7GiB,10.35%,25,119.694,79.684,66.57,16.0,15.973,0.17,0.00,0.00,0.00,0.00
2026-05-04T05:13:41.388706+00:00,llama-swap,0.03%,40.98MiB / 119.7GiB,0.03%,26,119.694,79.684,66.57,16.0,15.973,0.17,0.00,0.00,0.00,0.00
2026-05-04T05:13:41.388718+00:00,librechat,0.01%,261MiB / 119.7GiB,0.21%,29,119.694,79.684,66.57,16.0,15.973,0.17,0.00,0.00,0.00,0.00
2026-05-04T05:13:41.388724+00:00,litellm,0.20%,546.3MiB / 119.7GiB,0.45%,5,119.694,79.684,66.57,16.0,15.973,0.17,0.00,0.00,0.00,0.00
2026-05-04T05:13:41.388731+00:00,librechat-mongodb,0.64%,64.9MiB / 119.7GiB,0.05%,50,119.694,79.684,66.57,16.0,15.973,0.17,0.00,0.00,0.00,0.00
2026-05-04T05:13:45.427751+00:00,ls-unsloth-qwen3-coder-30b-a3b-q4-64k,100.39%,12.39GiB / 119.7GiB,10.35%,25,119.694,79.684,66.57,16.0,15.973,0.17,0.00,0.00,0.00,0.00
2026-05-04T05:13:45.427808+00:00,llama-swap,0.06%,40.73MiB / 119.7GiB,0.03%,26,119.694,79.684,66.57,16.0,15.973,0.17,0.00,0.00,0.00,0.00
2026-05-04T05:13:45.427815+00:00,librechat,0.01%,261.3MiB / 119.7GiB,0.21%,29,119.694,79.684,66.57,16.0,15.973,0.17,0.00,0.00,0.00,0.00
2026-05-04T05:13:45.427820+00:00,litellm,0.24%,546.3MiB / 119.7GiB,0.45%,5,119.694,79.684,66.57,16.0,15.973,0.17,0.00,0.00,0.00,0.00
2026-05-04T05:13:45.427825+00:00,librechat-mongodb,0.67%,64.73MiB / 119.7GiB,0.05%,50,119.694,79.684,66.57,16.0,15.973,0.17,0.00,0.00,0.00,0.00
2026-05-04T05:13:49.473461+00:00,ls-unsloth-qwen3-coder-30b-a3b-q4-64k,100.40%,12.39GiB / 119.7GiB,10.35%,25,119.694,79.681,66.57,16.0,15.973,0.17,0.00,0.00,0.00,0.00
2026-05-04T05:13:49.473493+00:00,llama-swap,0.06%,40.73MiB / 119.7GiB,0.03%,26,119.694,79.681,66.57,16.0,15.973,0.17,0.00,0.00,0.00,0.00
2026-05-04T05:13:49.473500+00:00,librechat,0.02%,261MiB / 119.7GiB,0.21%,29,119.694,79.681,66.57,16.0,15.973,0.17,0.00,0.00,0.00,0.00
2026-05-04T05:13:49.473504+00:00,litellm,0.21%,546.3MiB / 119.7GiB,0.45%,5,119.694,79.681,66.57,16.0,15.973,0.17,0.00,0.00,0.00,0.00
2026-05-04T05:13:49.473509+00:00,librechat-mongodb,0.70%,64.97MiB / 119.7GiB,0.05%,50,119.694,79.681,66.57,16.0,15.973,0.17,0.00,0.00,0.00,0.00
2026-05-04T05:13:53.517480+00:00,ls-unsloth-qwen3-coder-30b-a3b-q4-64k,100.35%,12.39GiB / 119.7GiB,10.35%,25,119.694,79.681,66.57,16.0,15.973,0.17,0.00,0.00,0.00,0.00
2026-05-04T05:13:53.517517+00:00,llama-swap,0.06%,40.73MiB / 119.7GiB,0.03%,26,119.694,79.681,66.57,16.0,15.973,0.17,0.00,0.00,0.00,0.00
2026-05-04T05:13:53.517526+00:00,librechat,0.01%,261MiB / 119.7GiB,0.21%,29,119.694,79.681,66.57,16.0,15.973,0.17,0.00,0.00,0.00,0.00
2026-05-04T05:13:53.517531+00:00,litellm,0.20%,546.3MiB / 119.7GiB,0.45%,5,119.694,79.681,66.57,16.0,15.973,0.17,0.00,0.00,0.00,0.00
2026-05-04T05:13:53.517536+00:00,librechat-mongodb,0.64%,64.93MiB / 119.7GiB,0.05%,50,119.694,79.681,66.57,16.0,15.973,0.17,0.00,0.00,0.00,0.00
2026-05-04T05:13:57.559783+00:00,ls-unsloth-qwen3-coder-30b-a3b-q4-64k,100.39%,12.39GiB / 119.7GiB,10.35%,25,119.694,79.675,66.57,16.0,15.973,0.17,0.00,0.00,0.00,0.00
2026-05-04T05:13:57.559826+00:00,llama-swap,0.06%,41.55MiB / 119.7GiB,0.03%,30,119.694,79.675,66.57,16.0,15.973,0.17,0.00,0.00,0.00,0.00
2026-05-04T05:13:57.559842+00:00,librechat,0.01%,260.9MiB / 119.7GiB,0.21%,29,119.694,79.675,66.57,16.0,15.973,0.17,0.00,0.00,0.00,0.00
2026-05-04T05:13:57.559851+00:00,litellm,0.19%,546.3MiB / 119.7GiB,0.45%,5,119.694,79.675,66.57,16.0,15.973,0.17,0.00,0.00,0.00,0.00
2026-05-04T05:13:57.559861+00:00,librechat-mongodb,0.66%,65.16MiB / 119.7GiB,0.05%,50,119.694,79.675,66.57,16.0,15.973,0.17,0.00,0.00,0.00,0.00
2026-05-04T05:14:01.602328+00:00,ls-unsloth-qwen3-coder-30b-a3b-q4-64k,100.39%,12.39GiB / 119.7GiB,10.35%,25,119.694,79.678,66.57,16.0,15.973,0.17,0.00,0.00,0.00,0.00
2026-05-04T05:14:01.602361+00:00,llama-swap,0.03%,41.55MiB / 119.7GiB,0.03%,30,119.694,79.678,66.57,16.0,15.973,0.17,0.00,0.00,0.00,0.00
2026-05-04T05:14:01.602367+00:00,librechat,0.01%,260.9MiB / 119.7GiB,0.21%,29,119.694,79.678,66.57,16.0,15.973,0.17,0.00,0.00,0.00,0.00
2026-05-04T05:14:01.602372+00:00,litellm,0.20%,546.3MiB / 119.7GiB,0.45%,5,119.694,79.678,66.57,16.0,15.973,0.17,0.00,0.00,0.00,0.00
2026-05-04T05:14:01.602377+00:00,librechat-mongodb,0.58%,65.15MiB / 119.7GiB,0.05%,50,119.694,79.678,66.57,16.0,15.973,0.17,0.00,0.00,0.00,0.00
2026-05-04T05:14:05.655578+00:00,ls-unsloth-qwen3-coder-30b-a3b-q4-64k,100.23%,12.39GiB / 119.7GiB,10.35%,25,119.694,79.685,66.57,16.0,15.973,0.17,0.00,0.00,0.00,0.00
2026-05-04T05:14:05.655618+00:00,llama-swap,0.08%,41.55MiB / 119.7GiB,0.03%,30,119.694,79.685,66.57,16.0,15.973,0.17,0.00,0.00,0.00,0.00
2026-05-04T05:14:05.655625+00:00,librechat,0.01%,261.1MiB / 119.7GiB,0.21%,29,119.694,79.685,66.57,16.0,15.973,0.17,0.00,0.00,0.00,0.00
2026-05-04T05:14:05.655629+00:00,litellm,0.21%,546.3MiB / 119.7GiB,0.45%,5,119.694,79.685,66.57,16.0,15.973,0.17,0.00,0.00,0.00,0.00
2026-05-04T05:14:05.655634+00:00,librechat-mongodb,0.61%,65.11MiB / 119.7GiB,0.05%,50,119.694,79.685,66.57,16.0,15.973,0.17,0.00,0.00,0.00,0.00
2026-05-04T05:14:09.696377+00:00,ls-unsloth-qwen3-coder-30b-a3b-q4-64k,100.40%,12.39GiB / 119.7GiB,10.35%,25,119.694,79.677,66.57,16.0,15.973,0.17,0.00,0.00,0.00,0.00
2026-05-04T05:14:09.696421+00:00,llama-swap,0.02%,41.55MiB / 119.7GiB,0.03%,30,119.694,79.677,66.57,16.0,15.973,0.17,0.00,0.00,0.00,0.00
2026-05-04T05:14:09.696427+00:00,librechat,0.03%,261.1MiB / 119.7GiB,0.21%,29,119.694,79.677,66.57,16.0,15.973,0.17,0.00,0.00,0.00,0.00
2026-05-04T05:14:09.696432+00:00,litellm,0.18%,546.3MiB / 119.7GiB,0.45%,5,119.694,79.677,66.57,16.0,15.973,0.17,0.00,0.00,0.00,0.00
2026-05-04T05:14:09.696436+00:00,librechat-mongodb,0.67%,65.35MiB / 119.7GiB,0.05%,50,119.694,79.677,66.57,16.0,15.973,0.17,0.00,0.00,0.00,0.00
2026-05-04T05:14:13.741560+00:00,ls-unsloth-qwen3-coder-30b-a3b-q4-64k,100.43%,12.39GiB / 119.7GiB,10.35%,25,119.694,79.681,66.57,16.0,15.973,0.17,0.00,0.00,0.00,0.00
2026-05-04T05:14:13.741608+00:00,llama-swap,0.02%,41.55MiB / 119.7GiB,0.03%,30,119.694,79.681,66.57,16.0,15.973,0.17,0.00,0.00,0.00,0.00
2026-05-04T05:14:13.741614+00:00,librechat,0.01%,261.1MiB / 119.7GiB,0.21%,29,119.694,79.681,66.57,16.0,15.973,0.17,0.00,0.00,0.00,0.00
2026-05-04T05:14:13.741619+00:00,litellm,0.19%,546.3MiB / 119.7GiB,0.45%,5,119.694,79.681,66.57,16.0,15.973,0.17,0.00,0.00,0.00,0.00
2026-05-04T05:14:13.741623+00:00,librechat-mongodb,1.11%,65.31MiB / 119.7GiB,0.05%,50,119.694,79.681,66.57,16.0,15.973,0.17,0.00,0.00,0.00,0.00
2026-05-04T05:14:17.783327+00:00,ls-unsloth-qwen3-coder-30b-a3b-q4-64k,99.59%,13.61GiB / 119.7GiB,11.37%,25,119.694,79.68,66.57,16.0,15.973,0.17,0.00,0.00,0.00,0.00
2026-05-04T05:14:17.783354+00:00,llama-swap,0.53%,47.48MiB / 119.7GiB,0.04%,30,119.694,79.68,66.57,16.0,15.973,0.17,0.00,0.00,0.00,0.00
2026-05-04T05:14:17.783360+00:00,librechat,0.01%,261.1MiB / 119.7GiB,0.21%,29,119.694,79.68,66.57,16.0,15.973,0.17,0.00,0.00,0.00,0.00
2026-05-04T05:14:17.783365+00:00,litellm,0.16%,546.3MiB / 119.7GiB,0.45%,5,119.694,79.68,66.57,16.0,15.973,0.17,0.00,0.00,0.00,0.00
2026-05-04T05:14:17.783369+00:00,librechat-mongodb,0.43%,65.29MiB / 119.7GiB,0.05%,50,119.694,79.68,66.57,16.0,15.973,0.17,0.00,0.00,0.00,0.00
2026-05-04T05:14:21.828211+00:00,ls-unsloth-qwen3-coder-30b-a3b-q4-64k,100.39%,15.01GiB / 119.7GiB,12.54%,25,119.694,77.583,64.82,16.0,15.973,0.17,0.00,0.00,0.00,0.00
2026-05-04T05:14:21.828267+00:00,llama-swap,0.07%,48.94MiB / 119.7GiB,0.04%,30,119.694,77.583,64.82,16.0,15.973,0.17,0.00,0.00,0.00,0.00
2026-05-04T05:14:21.828278+00:00,librechat,0.01%,261.1MiB / 119.7GiB,0.21%,29,119.694,77.583,64.82,16.0,15.973,0.17,0.00,0.00,0.00,0.00
2026-05-04T05:14:21.828287+00:00,litellm,0.22%,546.3MiB / 119.7GiB,0.45%,5,119.694,77.583,64.82,16.0,15.973,0.17,0.00,0.00,0.00,0.00
2026-05-04T05:14:21.828296+00:00,librechat-mongodb,0.53%,65.27MiB / 119.7GiB,0.05%,50,119.694,77.583,64.82,16.0,15.973,0.17,0.00,0.00,0.00,0.00
2026-05-04T05:14:25.868175+00:00,ls-unsloth-qwen3-coder-30b-a3b-q4-64k,101.71%,15.02GiB / 119.7GiB,12.55%,25,119.694,77.591,64.82,16.0,15.973,0.17,0.00,0.00,0.00,0.00
2026-05-04T05:14:25.868231+00:00,llama-swap,0.05%,48.94MiB / 119.7GiB,0.04%,30,119.694,77.591,64.82,16.0,15.973,0.17,0.00,0.00,0.00,0.00
2026-05-04T05:14:25.868247+00:00,librechat,0.06%,261.4MiB / 119.7GiB,0.21%,29,119.694,77.591,64.82,16.0,15.973,0.17,0.00,0.00,0.00,0.00
2026-05-04T05:14:25.868253+00:00,litellm,0.21%,546.3MiB / 119.7GiB,0.45%,5,119.694,77.591,64.82,16.0,15.973,0.17,0.00,0.00,0.00,0.00
2026-05-04T05:14:25.868258+00:00,librechat-mongodb,0.68%,65.23MiB / 119.7GiB,0.05%,50,119.694,77.591,64.82,16.0,15.973,0.17,0.00,0.00,0.00,0.00
2026-05-04T05:14:29.908084+00:00,ls-unsloth-qwen3-coder-30b-a3b-q4-64k,100.43%,15.02GiB / 119.7GiB,12.55%,25,119.694,77.581,64.82,16.0,15.973,0.17,0.00,0.00,0.00,0.00
2026-05-04T05:14:29.908125+00:00,llama-swap,0.05%,49.19MiB / 119.7GiB,0.04%,30,119.694,77.581,64.82,16.0,15.973,0.17,0.00,0.00,0.00,0.00
2026-05-04T05:14:29.908138+00:00,librechat,0.01%,261.4MiB / 119.7GiB,0.21%,29,119.694,77.581,64.82,16.0,15.973,0.17,0.00,0.00,0.00,0.00
2026-05-04T05:14:29.908146+00:00,litellm,0.22%,546.3MiB / 119.7GiB,0.45%,5,119.694,77.581,64.82,16.0,15.973,0.17,0.00,0.00,0.00,0.00
2026-05-04T05:14:29.908155+00:00,librechat-mongodb,0.74%,65.23MiB / 119.7GiB,0.05%,50,119.694,77.581,64.82,16.0,15.973,0.17,0.00,0.00,0.00,0.00
2026-05-04T05:14:33.958449+00:00,ls-unsloth-qwen3-coder-30b-a3b-q4-64k,100.30%,15.02GiB / 119.7GiB,12.55%,25,119.694,77.585,64.82,16.0,15.973,0.17,0.00,0.00,0.00,0.00
2026-05-04T05:14:33.958489+00:00,llama-swap,0.06%,49.19MiB / 119.7GiB,0.04%,30,119.694,77.585,64.82,16.0,15.973,0.17,0.00,0.00,0.00,0.00
2026-05-04T05:14:33.958500+00:00,librechat,0.01%,261.4MiB / 119.7GiB,0.21%,29,119.694,77.585,64.82,16.0,15.973,0.17,0.00,0.00,0.00,0.00
2026-05-04T05:14:33.958509+00:00,litellm,0.18%,546.3MiB / 119.7GiB,0.45%,5,119.694,77.585,64.82,16.0,15.973,0.17,0.00,0.00,0.00,0.00
2026-05-04T05:14:33.958518+00:00,librechat-mongodb,0.67%,64.93MiB / 119.7GiB,0.05%,50,119.694,77.585,64.82,16.0,15.973,0.17,0.00,0.00,0.00,0.00
2026-05-04T05:14:37.999351+00:00,ls-unsloth-qwen3-coder-30b-a3b-q4-64k,100.31%,15.02GiB / 119.7GiB,12.55%,25,119.694,77.582,64.82,16.0,15.973,0.17,0.00,0.00,0.00,0.00
2026-05-04T05:14:37.999398+00:00,llama-swap,0.06%,49.19MiB / 119.7GiB,0.04%,30,119.694,77.582,64.82,16.0,15.973,0.17,0.00,0.00,0.00,0.00
2026-05-04T05:14:37.999410+00:00,librechat,0.01%,261.4MiB / 119.7GiB,0.21%,29,119.694,77.582,64.82,16.0,15.973,0.17,0.00,0.00,0.00,0.00
2026-05-04T05:14:37.999420+00:00,litellm,0.23%,546.3MiB / 119.7GiB,0.45%,5,119.694,77.582,64.82,16.0,15.973,0.17,0.00,0.00,0.00,0.00
2026-05-04T05:14:37.999429+00:00,librechat-mongodb,0.57%,64.93MiB / 119.7GiB,0.05%,50,119.694,77.582,64.82,16.0,15.973,0.17,0.00,0.00,0.00,0.00
2026-05-04T05:14:42.040490+00:00,ls-unsloth-qwen3-coder-30b-a3b-q4-64k,100.37%,15.02GiB / 119.7GiB,12.55%,25,119.694,77.582,64.82,16.0,15.973,0.17,0.00,0.00,0.00,0.00
2026-05-04T05:14:42.040536+00:00,llama-swap,0.05%,49.19MiB / 119.7GiB,0.04%,30,119.694,77.582,64.82,16.0,15.973,0.17,0.00,0.00,0.00,0.00
2026-05-04T05:14:42.040547+00:00,librechat,0.01%,261.4MiB / 119.7GiB,0.21%,29,119.694,77.582,64.82,16.0,15.973,0.17,0.00,0.00,0.00,0.00
2026-05-04T05:14:42.040556+00:00,litellm,0.20%,546.3MiB / 119.7GiB,0.45%,5,119.694,77.582,64.82,16.0,15.973,0.17,0.00,0.00,0.00,0.00
2026-05-04T05:14:42.040565+00:00,librechat-mongodb,0.68%,64.92MiB / 119.7GiB,0.05%,50,119.694,77.582,64.82,16.0,15.973,0.17,0.00,0.00,0.00,0.00
2026-05-04T05:14:46.081040+00:00,ls-unsloth-qwen3-coder-30b-a3b-q4-64k,100.40%,15.02GiB / 119.7GiB,12.55%,25,119.694,77.578,64.81,16.0,15.973,0.17,0.00,0.00,0.00,0.00
2026-05-04T05:14:46.081101+00:00,llama-swap,0.05%,49.19MiB / 119.7GiB,0.04%,30,119.694,77.578,64.81,16.0,15.973,0.17,0.00,0.00,0.00,0.00
2026-05-04T05:14:46.081114+00:00,librechat,0.09%,261.4MiB / 119.7GiB,0.21%,29,119.694,77.578,64.81,16.0,15.973,0.17,0.00,0.00,0.00,0.00
2026-05-04T05:14:46.081123+00:00,litellm,0.20%,546.3MiB / 119.7GiB,0.45%,5,119.694,77.578,64.81,16.0,15.973,0.17,0.00,0.00,0.00,0.00
2026-05-04T05:14:46.081135+00:00,librechat-mongodb,0.68%,64.88MiB / 119.7GiB,0.05%,50,119.694,77.578,64.81,16.0,15.973,0.17,0.00,0.00,0.00,0.00
2026-05-04T05:14:50.123788+00:00,ls-unsloth-qwen3-coder-30b-a3b-q4-64k,100.67%,15.02GiB / 119.7GiB,12.55%,25,119.694,77.578,64.81,16.0,15.973,0.17,0.00,0.00,0.00,0.00
2026-05-04T05:14:50.123823+00:00,llama-swap,0.07%,48.66MiB / 119.7GiB,0.04%,30,119.694,77.578,64.81,16.0,15.973,0.17,0.00,0.00,0.00,0.00
2026-05-04T05:14:50.123833+00:00,librechat,0.11%,261.5MiB / 119.7GiB,0.21%,29,119.694,77.578,64.81,16.0,15.973,0.17,0.00,0.00,0.00,0.00
2026-05-04T05:14:50.123838+00:00,litellm,0.18%,546.3MiB / 119.7GiB,0.45%,5,119.694,77.578,64.81,16.0,15.973,0.17,0.00,0.00,0.00,0.00
2026-05-04T05:14:50.123845+00:00,librechat-mongodb,0.52%,64.64MiB / 119.7GiB,0.05%,50,119.694,77.578,64.81,16.0,15.973,0.17,0.00,0.00,0.00,0.00
2026-05-04T05:14:54.165104+00:00,ls-unsloth-qwen3-coder-30b-a3b-q4-64k,100.34%,15.02GiB / 119.7GiB,12.55%,25,119.694,77.578,64.81,16.0,15.973,0.17,0.00,0.00,0.00,0.00
2026-05-04T05:14:54.165297+00:00,llama-swap,0.05%,48.62MiB / 119.7GiB,0.04%,30,119.694,77.578,64.81,16.0,15.973,0.17,0.00,0.00,0.00,0.00
2026-05-04T05:14:54.165314+00:00,librechat,0.01%,261.5MiB / 119.7GiB,0.21%,29,119.694,77.578,64.81,16.0,15.973,0.17,0.00,0.00,0.00,0.00
2026-05-04T05:14:54.165324+00:00,litellm,0.19%,546.3MiB / 119.7GiB,0.45%,5,119.694,77.578,64.81,16.0,15.973,0.17,0.00,0.00,0.00,0.00
2026-05-04T05:14:54.165334+00:00,librechat-mongodb,0.56%,64.22MiB / 119.7GiB,0.05%,50,119.694,77.578,64.81,16.0,15.973,0.17,0.00,0.00,0.00,0.00
2026-05-04T05:14:58.205375+00:00,ls-unsloth-qwen3-coder-30b-a3b-q4-64k,100.38%,15.02GiB / 119.7GiB,12.55%,25,119.694,77.572,64.81,16.0,15.973,0.17,0.00,0.00,0.00,0.00
2026-05-04T05:14:58.205423+00:00,llama-swap,0.05%,49.12MiB / 119.7GiB,0.04%,30,119.694,77.572,64.81,16.0,15.973,0.17,0.00,0.00,0.00,0.00
2026-05-04T05:14:58.205429+00:00,librechat,0.01%,261.5MiB / 119.7GiB,0.21%,29,119.694,77.572,64.81,16.0,15.973,0.17,0.00,0.00,0.00,0.00
2026-05-04T05:14:58.205433+00:00,litellm,0.20%,546.3MiB / 119.7GiB,0.45%,5,119.694,77.572,64.81,16.0,15.973,0.17,0.00,0.00,0.00,0.00
2026-05-04T05:14:58.205438+00:00,librechat-mongodb,0.57%,64.26MiB / 119.7GiB,0.05%,50,119.694,77.572,64.81,16.0,15.973,0.17,0.00,0.00,0.00,0.00
2026-05-04T05:15:02.248862+00:00,ls-unsloth-qwen3-coder-30b-a3b-q4-64k,100.40%,15.02GiB / 119.7GiB,12.55%,25,119.694,77.571,64.81,16.0,15.973,0.17,0.00,0.00,0.00,0.00
2026-05-04T05:15:02.248903+00:00,llama-swap,0.03%,48.88MiB / 119.7GiB,0.04%,30,119.694,77.571,64.81,16.0,15.973,0.17,0.00,0.00,0.00,0.00
2026-05-04T05:15:02.248910+00:00,librechat,0.01%,261.5MiB / 119.7GiB,0.21%,29,119.694,77.571,64.81,16.0,15.973,0.17,0.00,0.00,0.00,0.00
2026-05-04T05:15:02.248914+00:00,litellm,0.19%,546.3MiB / 119.7GiB,0.45%,5,119.694,77.571,64.81,16.0,15.973,0.17,0.00,0.00,0.00,0.00
2026-05-04T05:15:02.248919+00:00,librechat-mongodb,0.97%,64.34MiB / 119.7GiB,0.05%,50,119.694,77.571,64.81,16.0,15.973,0.17,0.00,0.00,0.00,0.00
2026-05-04T05:15:06.290383+00:00,ls-unsloth-qwen3-coder-30b-a3b-q4-64k,100.58%,15.02GiB / 119.7GiB,12.54%,25,119.694,77.577,64.81,16.0,15.973,0.17,0.00,0.00,0.00,0.00
2026-05-04T05:15:06.290433+00:00,llama-swap,0.01%,48.94MiB / 119.7GiB,0.04%,30,119.694,77.577,64.81,16.0,15.973,0.17,0.00,0.00,0.00,0.00
2026-05-04T05:15:06.290446+00:00,librechat,0.04%,261.5MiB / 119.7GiB,0.21%,29,119.694,77.577,64.81,16.0,15.973,0.17,0.00,0.00,0.00,0.00
2026-05-04T05:15:06.290454+00:00,litellm,0.20%,546.3MiB / 119.7GiB,0.45%,5,119.694,77.577,64.81,16.0,15.973,0.17,0.00,0.00,0.00,0.00
2026-05-04T05:15:06.290463+00:00,librechat-mongodb,0.65%,63.85MiB / 119.7GiB,0.05%,50,119.694,77.577,64.81,16.0,15.973,0.17,0.00,0.00,0.00,0.00
2026-05-04T05:15:10.328553+00:00,ls-unsloth-qwen3-coder-30b-a3b-q4-64k,100.40%,15.02GiB / 119.7GiB,12.54%,25,119.694,77.583,64.82,16.0,15.973,0.17,0.00,0.00,0.00,0.00
2026-05-04T05:15:10.328593+00:00,llama-swap,0.03%,48.94MiB / 119.7GiB,0.04%,30,119.694,77.583,64.82,16.0,15.973,0.17,0.00,0.00,0.00,0.00
2026-05-04T05:15:10.328605+00:00,librechat,0.01%,261.5MiB / 119.7GiB,0.21%,29,119.694,77.583,64.82,16.0,15.973,0.17,0.00,0.00,0.00,0.00
2026-05-04T05:15:10.328615+00:00,litellm,0.21%,546.3MiB / 119.7GiB,0.45%,5,119.694,77.583,64.82,16.0,15.973,0.17,0.00,0.00,0.00,0.00
2026-05-04T05:15:10.328624+00:00,librechat-mongodb,0.57%,63.84MiB / 119.7GiB,0.05%,50,119.694,77.583,64.82,16.0,15.973,0.17,0.00,0.00,0.00,0.00
2026-05-04T05:15:14.361353+00:00,ls-unsloth-qwen3-coder-30b-a3b-q4-64k,100.29%,15.02GiB / 119.7GiB,12.54%,25,119.694,77.579,64.81,16.0,15.973,0.17,0.00,0.00,0.00,0.00
2026-05-04T05:15:14.361385+00:00,llama-swap,0.02%,48.94MiB / 119.7GiB,0.04%,30,119.694,77.579,64.81,16.0,15.973,0.17,0.00,0.00,0.00,0.00
2026-05-04T05:15:14.361392+00:00,librechat,0.05%,261.5MiB / 119.7GiB,0.21%,29,119.694,77.579,64.81,16.0,15.973,0.17,0.00,0.00,0.00,0.00
2026-05-04T05:15:14.361396+00:00,litellm,0.19%,546.3MiB / 119.7GiB,0.45%,5,119.694,77.579,64.81,16.0,15.973,0.17,0.00,0.00,0.00,0.00
2026-05-04T05:15:14.361401+00:00,librechat-mongodb,0.52%,63.8MiB / 119.7GiB,0.05%,50,119.694,77.579,64.81,16.0,15.973,0.17,0.00,0.00,0.00,0.00
2026-05-04T05:15:18.397795+00:00,ls-unsloth-qwen3-coder-30b-a3b-q4-64k,98.86%,15.45GiB / 119.7GiB,12.91%,25,119.694,77.577,64.81,16.0,15.973,0.17,0.00,0.00,0.00,0.00
2026-05-04T05:15:18.397852+00:00,llama-swap,0.78%,59.11MiB / 119.7GiB,0.05%,30,119.694,77.577,64.81,16.0,15.973,0.17,0.00,0.00,0.00,0.00
2026-05-04T05:15:18.397860+00:00,librechat,0.01%,261.3MiB / 119.7GiB,0.21%,29,119.694,77.577,64.81,16.0,15.973,0.17,0.00,0.00,0.00,0.00
2026-05-04T05:15:18.397865+00:00,litellm,0.13%,546.3MiB / 119.7GiB,0.45%,5,119.694,77.577,64.81,16.0,15.973,0.17,0.00,0.00,0.00,0.00
2026-05-04T05:15:18.397870+00:00,librechat-mongodb,0.41%,62.34MiB / 119.7GiB,0.05%,50,119.694,77.577,64.81,16.0,15.973,0.17,0.00,0.00,0.00,0.00
2026-05-04T05:15:22.440647+00:00,ls-unsloth-qwen3-coder-30b-a3b-q4-64k,100.21%,15.45GiB / 119.7GiB,12.91%,25,119.694,77.93,65.11,16.0,15.968,0.2,0.00,0.00,0.00,0.00
2026-05-04T05:15:22.440677+00:00,llama-swap,0.08%,59.11MiB / 119.7GiB,0.05%,30,119.694,77.93,65.11,16.0,15.968,0.2,0.00,0.00,0.00,0.00
2026-05-04T05:15:22.440683+00:00,librechat,0.01%,261.4MiB / 119.7GiB,0.21%,29,119.694,77.93,65.11,16.0,15.968,0.2,0.00,0.00,0.00,0.00
2026-05-04T05:15:22.440687+00:00,litellm,0.24%,546.3MiB / 119.7GiB,0.45%,5,119.694,77.93,65.11,16.0,15.968,0.2,0.00,0.00,0.00,0.00
2026-05-04T05:15:22.440692+00:00,librechat-mongodb,0.99%,58.47MiB / 119.7GiB,0.05%,50,119.694,77.93,65.11,16.0,15.968,0.2,0.00,0.00,0.00,0.00
2026-05-04T05:15:26.482117+00:00,ls-unsloth-qwen3-coder-30b-a3b-q4-64k,100.35%,15.45GiB / 119.7GiB,12.91%,25,119.694,77.944,65.12,16.0,15.968,0.2,0.00,0.00,0.00,0.00
2026-05-04T05:15:26.482179+00:00,llama-swap,0.06%,58.86MiB / 119.7GiB,0.05%,30,119.694,77.944,65.12,16.0,15.968,0.2,0.00,0.00,0.00,0.00
2026-05-04T05:15:26.482193+00:00,librechat,0.01%,261.7MiB / 119.7GiB,0.21%,29,119.694,77.944,65.12,16.0,15.968,0.2,0.00,0.00,0.00,0.00
2026-05-04T05:15:26.482202+00:00,litellm,0.22%,546.3MiB / 119.7GiB,0.45%,5,119.694,77.944,65.12,16.0,15.968,0.2,0.00,0.00,0.00,0.00
2026-05-04T05:15:26.482211+00:00,librechat-mongodb,0.60%,58.71MiB / 119.7GiB,0.05%,50,119.694,77.944,65.12,16.0,15.968,0.2,0.00,0.00,0.00,0.00
2026-05-04T05:15:30.522921+00:00,ls-unsloth-qwen3-coder-30b-a3b-q4-64k,100.34%,15.45GiB / 119.7GiB,12.91%,25,119.694,77.935,65.11,16.0,15.968,0.2,0.00,0.00,0.00,0.00
2026-05-04T05:15:30.522979+00:00,llama-swap,0.03%,58.62MiB / 119.7GiB,0.05%,30,119.694,77.935,65.11,16.0,15.968,0.2,0.00,0.00,0.00,0.00
2026-05-04T05:15:30.522993+00:00,librechat,0.01%,261.7MiB / 119.7GiB,0.21%,29,119.694,77.935,65.11,16.0,15.968,0.2,0.00,0.00,0.00,0.00
2026-05-04T05:15:30.523002+00:00,litellm,0.25%,546.3MiB / 119.7GiB,0.45%,5,119.694,77.935,65.11,16.0,15.968,0.2,0.00,0.00,0.00,0.00
2026-05-04T05:15:30.523011+00:00,librechat-mongodb,0.67%,58.69MiB / 119.7GiB,0.05%,50,119.694,77.935,65.11,16.0,15.968,0.2,0.00,0.00,0.00,0.00
2026-05-04T05:15:34.561723+00:00,ls-unsloth-qwen3-coder-30b-a3b-q4-64k,100.34%,15.45GiB / 119.7GiB,12.91%,25,119.694,77.958,65.13,16.0,15.968,0.2,0.00,0.00,0.00,0.00
2026-05-04T05:15:34.561768+00:00,llama-swap,0.42%,59.37MiB / 119.7GiB,0.05%,30,119.694,77.958,65.13,16.0,15.968,0.2,0.00,0.00,0.00,0.00
2026-05-04T05:15:34.561776+00:00,librechat,0.08%,261.9MiB / 119.7GiB,0.21%,29,119.694,77.958,65.13,16.0,15.968,0.2,0.00,0.00,0.00,0.00
2026-05-04T05:15:34.561781+00:00,litellm,0.18%,546.3MiB / 119.7GiB,0.45%,5,119.694,77.958,65.13,16.0,15.968,0.2,0.00,0.00,0.00,0.00
2026-05-04T05:15:34.561786+00:00,librechat-mongodb,0.56%,58.93MiB / 119.7GiB,0.05%,50,119.694,77.958,65.13,16.0,15.968,0.2,0.00,0.00,0.00,0.00
2026-05-04T05:15:38.605955+00:00,ls-unsloth-qwen3-coder-30b-a3b-q4-64k,100.23%,15.45GiB / 119.7GiB,12.91%,25,119.694,77.985,65.15,16.0,15.968,0.2,0.00,0.00,0.00,0.00
2026-05-04T05:15:38.606003+00:00,llama-swap,0.05%,59.25MiB / 119.7GiB,0.05%,30,119.694,77.985,65.15,16.0,15.968,0.2,0.00,0.00,0.00,0.00
2026-05-04T05:15:38.606015+00:00,librechat,0.07%,261.9MiB / 119.7GiB,0.21%,29,119.694,77.985,65.15,16.0,15.968,0.2,0.00,0.00,0.00,0.00
2026-05-04T05:15:38.606024+00:00,litellm,0.18%,546.3MiB / 119.7GiB,0.45%,5,119.694,77.985,65.15,16.0,15.968,0.2,0.00,0.00,0.00,0.00
2026-05-04T05:15:38.606033+00:00,librechat-mongodb,0.58%,59.43MiB / 119.7GiB,0.05%,50,119.694,77.985,65.15,16.0,15.968,0.2,0.00,0.00,0.00,0.00
2026-05-04T05:15:42.644799+00:00,ls-unsloth-qwen3-coder-30b-a3b-q4-64k,100.33%,15.45GiB / 119.7GiB,12.91%,25,119.694,78.004,65.17,16.0,15.968,0.2,0.00,0.00,0.00,0.00
2026-05-04T05:15:42.644875+00:00,llama-swap,0.05%,59.25MiB / 119.7GiB,0.05%,30,119.694,78.004,65.17,16.0,15.968,0.2,0.00,0.00,0.00,0.00
2026-05-04T05:15:42.644887+00:00,librechat,0.01%,261.9MiB / 119.7GiB,0.21%,29,119.694,78.004,65.17,16.0,15.968,0.2,0.00,0.00,0.00,0.00
2026-05-04T05:15:42.644897+00:00,litellm,0.18%,546.3MiB / 119.7GiB,0.45%,5,119.694,78.004,65.17,16.0,15.968,0.2,0.00,0.00,0.00,0.00
2026-05-04T05:15:42.644905+00:00,librechat-mongodb,0.97%,59.38MiB / 119.7GiB,0.05%,50,119.694,78.004,65.17,16.0,15.968,0.2,0.00,0.00,0.00,0.00
2026-05-04T05:15:46.686998+00:00,ls-unsloth-qwen3-coder-30b-a3b-q4-64k,100.45%,15.45GiB / 119.7GiB,12.91%,25,119.694,78.014,65.18,16.0,15.968,0.2,0.00,0.00,0.00,0.00
2026-05-04T05:15:46.687059+00:00,llama-swap,0.03%,59.25MiB / 119.7GiB,0.05%,30,119.694,78.014,65.18,16.0,15.968,0.2,0.00,0.00,0.00,0.00
2026-05-04T05:15:46.687073+00:00,librechat,0.01%,261.7MiB / 119.7GiB,0.21%,29,119.694,78.014,65.18,16.0,15.968,0.2,0.00,0.00,0.00,0.00
2026-05-04T05:15:46.687082+00:00,litellm,0.20%,546.3MiB / 119.7GiB,0.45%,5,119.694,78.014,65.18,16.0,15.968,0.2,0.00,0.00,0.00,0.00
2026-05-04T05:15:46.687092+00:00,librechat-mongodb,0.60%,59.38MiB / 119.7GiB,0.05%,50,119.694,78.014,65.18,16.0,15.968,0.2,0.00,0.00,0.00,0.00
2026-05-04T05:15:50.732219+00:00,ls-unsloth-qwen3-coder-30b-a3b-q4-64k,100.29%,15.45GiB / 119.7GiB,12.91%,25,119.694,78.029,65.19,16.0,15.968,0.2,0.00,0.00,0.00,0.00
2026-05-04T05:15:50.732282+00:00,llama-swap,0.02%,59.25MiB / 119.7GiB,0.05%,30,119.694,78.029,65.19,16.0,15.968,0.2,0.00,0.00,0.00,0.00
2026-05-04T05:15:50.732295+00:00,librechat,0.02%,260.8MiB / 119.7GiB,0.21%,29,119.694,78.029,65.19,16.0,15.968,0.2,0.00,0.00,0.00,0.00
2026-05-04T05:15:50.732305+00:00,litellm,0.20%,546.3MiB / 119.7GiB,0.45%,5,119.694,78.029,65.19,16.0,15.968,0.2,0.00,0.00,0.00,0.00
2026-05-04T05:15:50.732314+00:00,librechat-mongodb,0.54%,59.36MiB / 119.7GiB,0.05%,50,119.694,78.029,65.19,16.0,15.968,0.2,0.00,0.00,0.00,0.00
2026-05-04T05:15:54.772423+00:00,ls-unsloth-qwen3-coder-30b-a3b-q4-64k,100.52%,15.45GiB / 119.7GiB,12.91%,25,119.694,78.043,65.2,16.0,15.968,0.2,0.00,0.00,0.00,0.00
2026-05-04T05:15:54.772474+00:00,llama-swap,0.02%,59.14MiB / 119.7GiB,0.05%,30,119.694,78.043,65.2,16.0,15.968,0.2,0.00,0.00,0.00,0.00
2026-05-04T05:15:54.772486+00:00,librechat,0.07%,260.8MiB / 119.7GiB,0.21%,29,119.694,78.043,65.2,16.0,15.968,0.2,0.00,0.00,0.00,0.00
2026-05-04T05:15:54.772495+00:00,litellm,0.19%,546.3MiB / 119.7GiB,0.45%,5,119.694,78.043,65.2,16.0,15.968,0.2,0.00,0.00,0.00,0.00
2026-05-04T05:15:54.772504+00:00,librechat-mongodb,0.51%,59.32MiB / 119.7GiB,0.05%,50,119.694,78.043,65.2,16.0,15.968,0.2,0.00,0.00,0.00,0.00
2026-05-04T05:15:58.814168+00:00,ls-unsloth-qwen3-coder-30b-a3b-q4-64k,100.47%,15.45GiB / 119.7GiB,12.91%,25,119.694,78.052,65.21,16.0,15.968,0.2,0.00,0.00,0.00,0.00
2026-05-04T05:15:58.814202+00:00,llama-swap,0.02%,59.93MiB / 119.7GiB,0.05%,30,119.694,78.052,65.21,16.0,15.968,0.2,0.00,0.00,0.00,0.00
2026-05-04T05:15:58.814209+00:00,librechat,0.07%,261.1MiB / 119.7GiB,0.21%,29,119.694,78.052,65.21,16.0,15.968,0.2,0.00,0.00,0.00,0.00
2026-05-04T05:15:58.814214+00:00,litellm,0.15%,546.3MiB / 119.7GiB,0.45%,5,119.694,78.052,65.21,16.0,15.968,0.2,0.00,0.00,0.00,0.00
2026-05-04T05:15:58.814218+00:00,librechat-mongodb,0.47%,58.81MiB / 119.7GiB,0.05%,50,119.694,78.052,65.21,16.0,15.968,0.2,0.00,0.00,0.00,0.00
2026-05-04T05:16:02.848144+00:00,ls-unsloth-qwen3-coder-30b-a3b-q4-64k,100.32%,15.45GiB / 119.7GiB,12.91%,25,119.694,78.07,65.22,16.0,15.968,0.2,0.00,0.00,0.00,0.00
2026-05-04T05:16:02.848176+00:00,llama-swap,0.02%,59.48MiB / 119.7GiB,0.05%,30,119.694,78.07,65.22,16.0,15.968,0.2,0.00,0.00,0.00,0.00
2026-05-04T05:16:02.848182+00:00,librechat,0.01%,261.1MiB / 119.7GiB,0.21%,29,119.694,78.07,65.22,16.0,15.968,0.2,0.00,0.00,0.00,0.00
2026-05-04T05:16:02.848187+00:00,litellm,0.16%,546.3MiB / 119.7GiB,0.45%,5,119.694,78.07,65.22,16.0,15.968,0.2,0.00,0.00,0.00,0.00
2026-05-04T05:16:02.848192+00:00,librechat-mongodb,0.51%,58.81MiB / 119.7GiB,0.05%,50,119.694,78.07,65.22,16.0,15.968,0.2,0.00,0.00,0.00,0.00
2026-05-04T05:16:06.884521+00:00,ls-unsloth-qwen3-coder-30b-a3b-q4-64k,97.01%,15.73GiB / 119.7GiB,13.14%,25,119.694,78.088,65.24,16.0,15.969,0.19,0.00,0.00,0.00,0.00
2026-05-04T05:16:06.884554+00:00,llama-swap,3.13%,155.1MiB / 119.7GiB,0.13%,30,119.694,78.088,65.24,16.0,15.969,0.19,0.00,0.00,0.00,0.00
2026-05-04T05:16:06.884561+00:00,librechat,0.03%,261.1MiB / 119.7GiB,0.21%,29,119.694,78.088,65.24,16.0,15.969,0.19,0.00,0.00,0.00,0.00
2026-05-04T05:16:06.884565+00:00,litellm,0.15%,546.3MiB / 119.7GiB,0.45%,5,119.694,78.088,65.24,16.0,15.969,0.19,0.00,0.00,0.00,0.00
2026-05-04T05:16:06.884570+00:00,librechat-mongodb,0.45%,58.41MiB / 119.7GiB,0.05%,50,119.694,78.088,65.24,16.0,15.969,0.19,0.00,0.00,0.00,0.00
2026-05-04T05:16:10.913299+00:00,ls-unsloth-qwen3-coder-30b-a3b-q4-64k,2.97%,15.64GiB / 119.7GiB,13.07%,25,119.694,79.842,66.7,16.0,15.969,0.19,0.00,0.00,0.00,0.00
2026-05-04T05:16:10.913327+00:00,llama-swap,0.09%,165MiB / 119.7GiB,0.13%,30,119.694,79.842,66.7,16.0,15.969,0.19,0.00,0.00,0.00,0.00
2026-05-04T05:16:10.913334+00:00,librechat,0.01%,261.1MiB / 119.7GiB,0.21%,29,119.694,79.842,66.7,16.0,15.969,0.19,0.00,0.00,0.00,0.00
2026-05-04T05:16:10.913338+00:00,litellm,0.14%,546.3MiB / 119.7GiB,0.45%,5,119.694,79.842,66.7,16.0,15.969,0.19,0.00,0.00,0.00,0.00
2026-05-04T05:16:10.913343+00:00,librechat-mongodb,0.45%,58.65MiB / 119.7GiB,0.05%,50,119.694,79.842,66.7,16.0,15.969,0.19,0.00,0.00,0.00,0.00
